{
"lengthUnit": "mil",
"components": {
	"fields": ["COMPONENT_NO", "COMPONENT_NAME", "LAYER", "X_COORDINATE", "Y_COORDINATE", "ANGLE"],
	"rows": [
		[1, "C1", "B", 3095, -4785, 270],
		[2, "C2", "T", 1335, -3210, 0],
		[3, "C3", "B", 2409.87, -4735, 90],
		[4, "C4", "B", 2145, -4555, 270],
		[5, "C5", "B", 1420, -4721.5, 90],
		[6, "C6", "B", 2035, -4608.6, 270],
		[7, "C7", "B", 1580, -4585, 270],
		[8, "C8", "B", 2145, -4685, 270],
		[9, "C9", "B", 2818, -4625, 270],
		[10, "C10", "B", 2145, -4815, 90],
		[11, "C11", "B", 2275, -4487.44, 270],
		[12, "C12", "B", 2692, -4625, 270],
		[13, "C13", "B", 2579.45, -4785, 180],
		[14, "C14", "B", 2579.45, -4485, 180],
		[15, "CN1", "T", 3400, -3345, 90],
		[16, "D1", "B", 1420, -4440.1, 0],
		[17, "H1", "T", 505, -2855, 0],
		[18, "H2", "T", 960, -3865, 0],
		[19, "H3", "T", 470, -3855, 0],
		[20, "LED1", "T", 2085, -3220, 270],
		[21, "LED2", "T", 2085, -3435, 90],
		[22, "OLED1", "B", 555, -2325, 180],
		[23, "P1", "T", 940, -3315, 0],
		[24, "P2", "T", 3045, -3345, 90],
		[25, "P3", "T", 2370, -3830, 180],
		[26, "P4", "T", 2215, -2850, 180],
		[27, "R1", "B", 2905, -4485, 270],
		[28, "R2", "T", 1330, -3435, 180],
		[29, "R3", "B", 2304.19, -4635, 90],
		[30, "R4", "B", 1925, -4499.45, 270],
		[31, "R5", "B", 2905, -4785, 90],
		[32, "R6", "B", 2545, -4635, 270],
		[33, "R7", "B", 3095, -4485, 270],
		[34, "R8", "B", 3095, -4635, 90],
		[35, "R9", "B", 1295, -4825, 270],
		[36, "R10", "B", 1240, -4455, 0],
		[37, "R11", "B", 1240, -4600, 180],
		[38, "R12", "T", 2800, -3180, 0],
		[39, "R13", "T", 2805, -3435, 0],
		[40, "R14", "T", 2800.55, -3295.15, 0],
		[41, "R15", "T", 2805, -3575, 0],
		[42, "RST1", "B", 3475, -2670, 180],
		[43, "U1", "T", 495, -3335, 0],
		[44, "U3", "T", -95, -3725, 270],
		[45, "U8", "B", 1775, -4740, 90],
		[46, "U9", "T", 260, -5360, 0],
		[47, "U10", "T", 3370, -5335, 0],
		[48, "U11", "T", 1460, -5315, 0],
		[49, "X1", "T", 1890, -3330, 180],
		[50, "X2", "T", 1600, -3335, 90]
	]
},
"pins": {
	"fields": ["PIN_NO", "PIN_NAME", "PIN_X", "PIN_Y", "LAYER", "PIN_TYPE", "NET_NAME", "NET_TYPE", "PAD_SHAPE", "PAD_SIZEX", "PAD_SIZEY", "HOLE_SIZE", "PAD_ANGLE"],
	"rows": [
		[1, "C1_1", 3095, -4750.55, "B", "SMD", "GND", "GND", "R", 41.34, 37.4, 0, 90],
		[2, "C1_2", 3095, -4819.45, "B", "SMD", "VCC", "", "R", 41.34, 37.4, 0, 90],
		[3, "C2_1", 1300.55, -3210, "T", "SMD", "GND", "GND", "R", 41.34, 37.4, 0, 180],
		[4, "C2_2", 1369.45, -3210, "T", "SMD", "RESET", "", "R", 41.34, 37.4, 0, 180],
		[5, "C3_1", 2409.87, -4769.45, "B", "SMD", "GND", "GND", "R", 41.34, 37.4, 0, 270],
		[6, "C3_2", 2409.87, -4700.55, "B", "SMD", "VCC", "", "R", 41.34, 37.4, 0, 270],
		[7, "C4_1", 2145, -4520.55, "B", "SMD", "GND", "GND", "R", 41.34, 37.4, 0, 90],
		[8, "C4_2", 2145, -4589.45, "B", "SMD", "VCC", "", "R", 41.34, 37.4, 0, 90],
		[9, "C5_1", 1420, -4628.98, "B", "SMD", "+5V", "", "R", 78.74, 98.42, 0, 90],
		[10, "C5_2", 1420, -4814.02, "B", "SMD", "GND", "GND", "R", 78.74, 98.42, 0, 90],
		[11, "C6_1", 2035, -4701.12, "B", "SMD", "VCC", "", "R", 78.74, 98.42, 0, 270],
		[12, "C6_2", 2035, -4516.08, "B", "SMD", "GND", "GND", "R", 78.74, 98.42, 0, 270],
		[13, "C7_1", 1580, -4550.55, "B", "SMD", "+5V", "", "R", 41.34, 37.4, 0, 90],
		[14, "C7_2", 1580, -4619.45, "B", "SMD", "GND", "GND", "R", 41.34, 37.4, 0, 90],
		[15, "C8_1", 2145, -4650.55, "B", "SMD", "GND", "GND", "R", 41.34, 37.4, 0, 90],
		[16, "C8_2", 2145, -4719.45, "B", "SMD", "VCC", "", "R", 41.34, 37.4, 0, 90],
		[17, "C9_1", 2818, -4590.55, "B", "SMD", "GND", "GND", "R", 41.34, 37.4, 0, 90],
		[18, "C9_2", 2818, -4659.45, "B", "SMD", "PC14", "", "R", 41.34, 37.4, 0, 90],
		[19, "C10_1", 2145, -4849.45, "B", "SMD", "GND", "GND", "R", 41.34, 37.4, 0, 270],
		[20, "C10_2", 2145, -4780.55, "B", "SMD", "VCC", "", "R", 41.34, 37.4, 0, 270],
		[21, "C11_1", 2275, -4452.99, "B", "SMD", "GND", "GND", "R", 41.34, 37.4, 0, 90],
		[22, "C11_2", 2275, -4521.89, "B", "SMD", "VCC", "", "R", 41.34, 37.4, 0, 90],
		[23, "C12_1", 2692, -4590.55, "B", "SMD", "GND", "GND", "R", 41.34, 37.4, 0, 90],
		[24, "C12_2", 2692, -4659.45, "B", "SMD", "PC15", "", "R", 41.34, 37.4, 0, 90],
		[25, "C13_1", 2613.9, -4785, "B", "SMD", "GND", "GND", "R", 41.34, 37.4, 0, 0],
		[26, "C13_2", 2545, -4785, "B", "SMD", "OSCIN", "", "R", 41.34, 37.4, 0, 0],
		[27, "C14_1", 2613.9, -4485, "B", "SMD", "GND", "GND", "R", 41.34, 37.4, 0, 0],
		[28, "C14_2", 2545, -4485, "B", "SMD", "OSCOUT", "", "R", 41.34, 37.4, 0, 0],
		[29, "CN1_1", 3400, -3492.64, "T", "DIP", "GND", "GND", "R", 59.05, 59.05, 35.43, 90],
		[30, "CN1_1", 3400, -3492.64, "B", "DIP", "GND", "GND", "R", 59.05, 59.05, 35.43, 90],
		[31, "CN1_2", 3400, -3394.2, "T", "DIP", "VCC", "", "C", 59.05, 59.05, 35.43, 90],
		[32, "CN1_2", 3400, -3394.2, "B", "DIP", "VCC", "", "C", 59.05, 59.05, 35.43, 90],
		[33, "CN1_3", 3400, -3295.78, "T", "DIP", "PB6", "", "C", 59.05, 59.05, 35.43, 90],
		[34, "CN1_3", 3400, -3295.78, "B", "DIP", "PB6", "", "C", 59.05, 59.05, 35.43, 90],
		[35, "CN1_4", 3400, -3197.36, "T", "DIP", "PB7", "", "C", 59.05, 59.05, 35.43, 90],
		[36, "CN1_4", 3400, -3197.36, "B", "DIP", "PB7", "", "C", 59.05, 59.05, 35.43, 90],
		[37, "D1_1", 1339, -4440.1, "B", "SMD", "$1N24", "", "R", 50, 57.9, 0, 180],
		[38, "D1_2", 1501, -4440.1, "B", "SMD", "+5V", "", "R", 50, 57.9, 0, 180],
		[39, "H1_1", 455, -2792.6, "T", "SMD", "VCC", "", "R", 40.16, 124.8, 0, 180],
		[40, "H1_2", 555, -2917.4, "T", "SMD", "GND", "GND", "R", 40.16, 124.8, 0, 180],
		[41, "H2_1", 910, -3802.6, "T", "SMD", "RESET", "", "R", 40.16, 124.8, 0, 180],
		[42, "H2_2", 1010, -3927.4, "T", "SMD", "GND", "GND", "R", 40.16, 124.8, 0, 180],
		[43, "H3_1", 420, -3792.6, "T", "SMD", "PA2", "", "R", 40.16, 124.8, 0, 180],
		[44, "H3_2", 520, -3917.4, "T", "SMD", "GND", "GND", "R", 40.16, 124.8, 0, 180],
		[45, "LED1_1", 2085, -3253.5, "T", "SMD", "VCC", "", "R", 39, 43, 0, 0],
		[46, "LED1_2", 2085, -3186.5, "T", "SMD", "$1N1200", "", "R", 39, 43, 0, 0],
		[47, "LED2_1", 2085, -3401.5, "T", "SMD", "VCC", "", "R", 39, 43, 0, 180],
		[48, "LED2_2", 2085, -3468.5, "T", "SMD", "$1N1201", "", "R", 39, 43, 0, 180],
		[49, "OLED1_1", 705, -2325.05, "T", "DIP", "GND", "GND", "C", 64.96, 64.96, 39.37, 180],
		[50, "OLED1_1", 705, -2325.05, "B", "DIP", "GND", "GND", "C", 64.96, 64.96, 39.37, 180],
		[51, "OLED1_2", 605, -2324.95, "T", "DIP", "VCC", "", "C", 64.96, 64.96, 39.37, 180],
		[52, "OLED1_2", 605, -2324.95, "B", "DIP", "VCC", "", "C", 64.96, 64.96, 39.37, 180],
		[53, "OLED1_3", 505, -2324.95, "T", "DIP", "PB6", "", "C", 64.96, 64.96, 39.37, 180],
		[54, "OLED1_3", 505, -2324.95, "B", "DIP", "PB6", "", "C", 64.96, 64.96, 39.37, 180],
		[55, "OLED1_4", 405, -2324.95, "T", "DIP", "PB7", "", "C", 64.96, 64.96, 39.37, 180],
		[56, "OLED1_4", 405, -2324.95, "B", "DIP", "PB7", "", "C", 64.96, 64.96, 39.37, 180],
		[57, "P1_1", 840, -3420.9, "T", "SMD", "VCC", "", "R", 40.16, 122.05, 0, 0],
		[58, "P1_2", 840, -3209.09, "T", "SMD", "VCC", "", "R", 40.16, 122.05, 0, 0],
		[59, "P1_3", 940, -3420.9, "T", "SMD", "$1N6", "", "R", 40.16, 122.05, 0, 0],
		[60, "P1_4", 940, -3209.09, "T", "SMD", "$1N10", "", "R", 40.16, 122.05, 0, 0],
		[61, "P1_5", 1040, -3420.9, "T", "SMD", "GND", "GND", "R", 40.16, 122.05, 0, 0],
		[62, "P1_6", 1040, -3209.09, "T", "SMD", "GND", "GND", "R", 40.16, 122.05, 0, 0],
		[63, "P2_1", 3045, -3495, "T", "DIP", "VCC", "", "R", 66.93, 66.93, 43.31, 90],
		[64, "P2_1", 3045, -3495, "B", "DIP", "VCC", "", "R", 66.93, 66.93, 43.31, 90],
		[65, "P2_2", 3045, -3395, "T", "DIP", "SWDIO", "", "C", 66.93, 66.93, 43.31, 90],
		[66, "P2_2", 3045, -3395, "B", "DIP", "SWDIO", "", "C", 66.93, 66.93, 43.31, 90],
		[67, "P2_3", 3045, -3295, "T", "DIP", "SWCLK", "", "C", 66.93, 66.93, 43.31, 90],
		[68, "P2_3", 3045, -3295, "B", "DIP", "SWCLK", "", "C", 66.93, 66.93, 43.31, 90],
		[69, "P2_4", 3045, -3195, "T", "DIP", "GND", "GND", "C", 66.93, 66.93, 43.31, 90],
		[70, "P2_4", 3045, -3195, "B", "DIP", "GND", "GND", "C", 66.93, 66.93, 43.31, 90],
		[71, "P3_1", 3320, -3830, "T", "DIP", "VBAT", "", "R", 60, 60, 36, 0],
		[72, "P3_1", 3320, -3830, "B", "DIP", "VBAT", "", "R", 60, 60, 36, 0],
		[73, "P3_2", 3220, -3830, "T", "DIP", "PC13", "", "C", 60, 60, 36, 0],
		[74, "P3_2", 3220, -3830, "B", "DIP", "PC13", "", "C", 60, 60, 36, 0],
		[75, "P3_3", 3120, -3830, "T", "DIP", "PC14", "", "C", 60, 60, 36, 0],
		[76, "P3_3", 3120, -3830, "B", "DIP", "PC14", "", "C", 60, 60, 36, 0],
		[77, "P3_4", 3020, -3830, "T", "DIP", "PC15", "", "C", 60, 60, 36, 0],
		[78, "P3_4", 3020, -3830, "B", "DIP", "PC15", "", "C", 60, 60, 36, 0],
		[79, "P3_5", 2920, -3830, "T", "DIP", "PA0", "", "C", 60, 60, 36, 0],
		[80, "P3_5", 2920, -3830, "B", "DIP", "PA0", "", "C", 60, 60, 36, 0],
		[81, "P3_6", 2820, -3830, "T", "DIP", "PA1", "", "C", 60, 60, 36, 0],
		[82, "P3_6", 2820, -3830, "B", "DIP", "PA1", "", "C", 60, 60, 36, 0],
		[83, "P3_7", 2720, -3830, "T", "DIP", "PA2", "", "C", 60, 60, 36, 0],
		[84, "P3_7", 2720, -3830, "B", "DIP", "PA2", "", "C", 60, 60, 36, 0],
		[85, "P3_8", 2620, -3830, "T", "DIP", "PA3", "", "C", 60, 60, 36, 0],
		[86, "P3_8", 2620, -3830, "B", "DIP", "PA3", "", "C", 60, 60, 36, 0],
		[87, "P3_9", 2520, -3830, "T", "DIP", "PA4", "", "C", 60, 60, 36, 0],
		[88, "P3_9", 2520, -3830, "B", "DIP", "PA4", "", "C", 60, 60, 36, 0],
		[89, "P3_10", 2420, -3830, "T", "DIP", "PA5", "", "C", 60, 60, 36, 0],
		[90, "P3_10", 2420, -3830, "B", "DIP", "PA5", "", "C", 60, 60, 36, 0],
		[91, "P3_11", 2320, -3830, "T", "DIP", "PA6", "", "C", 60, 60, 36, 0],
		[92, "P3_11", 2320, -3830, "B", "DIP", "PA6", "", "C", 60, 60, 36, 0],
		[93, "P3_12", 2220, -3830, "T", "DIP", "PA7", "", "C", 60, 60, 36, 0],
		[94, "P3_12", 2220, -3830, "B", "DIP", "PA7", "", "C", 60, 60, 36, 0],
		[95, "P3_13", 2120, -3830, "T", "DIP", "PB0", "", "C", 60, 60, 36, 0],
		[96, "P3_13", 2120, -3830, "B", "DIP", "PB0", "", "C", 60, 60, 36, 0],
		[97, "P3_14", 2020, -3830, "T", "DIP", "PB1", "", "C", 60, 60, 36, 0],
		[98, "P3_14", 2020, -3830, "B", "DIP", "PB1", "", "C", 60, 60, 36, 0],
		[99, "P3_15", 1920, -3830, "T", "DIP", "PB10", "", "C", 60, 60, 36, 0],
		[100, "P3_15", 1920, -3830, "B", "DIP", "PB10", "", "C", 60, 60, 36, 0],
		[101, "P3_16", 1820, -3830, "T", "DIP", "PB11", "", "C", 60, 60, 36, 0],
		[102, "P3_16", 1820, -3830, "B", "DIP", "PB11", "", "C", 60, 60, 36, 0],
		[103, "P3_17", 1720, -3830, "T", "DIP", "RESET", "", "C", 60, 60, 36, 0],
		[104, "P3_17", 1720, -3830, "B", "DIP", "RESET", "", "C", 60, 60, 36, 0],
		[105, "P3_18", 1620, -3830, "T", "DIP", "VCC", "", "C", 60, 60, 36, 0],
		[106, "P3_18", 1620, -3830, "B", "DIP", "VCC", "", "C", 60, 60, 36, 0],
		[107, "P3_19", 1520, -3830, "T", "DIP", "GND", "GND", "C", 60, 60, 36, 0],
		[108, "P3_19", 1520, -3830, "B", "DIP", "GND", "GND", "C", 60, 60, 36, 0],
		[109, "P3_20", 1420, -3830, "T", "DIP", "GND", "GND", "C", 60, 60, 36, 0],
		[110, "P3_20", 1420, -3830, "B", "DIP", "GND", "GND", "C", 60, 60, 36, 0],
		[111, "P4_1", 3165, -2850, "T", "DIP", "VCC", "", "R", 60, 60, 36, 0],
		[112, "P4_1", 3165, -2850, "B", "DIP", "VCC", "", "R", 60, 60, 36, 0],
		[113, "P4_2", 3065, -2850, "T", "DIP", "GND", "GND", "C", 60, 60, 36, 0],
		[114, "P4_2", 3065, -2850, "B", "DIP", "GND", "GND", "C", 60, 60, 36, 0],
		[115, "P4_3", 2965, -2850, "T", "DIP", "+5V", "", "C", 60, 60, 36, 0],
		[116, "P4_3", 2965, -2850, "B", "DIP", "+5V", "", "C", 60, 60, 36, 0],
		[117, "P4_4", 2865, -2850, "T", "DIP", "PB9", "", "C", 60, 60, 36, 0],
		[118, "P4_4", 2865, -2850, "B", "DIP", "PB9", "", "C", 60, 60, 36, 0],
		[119, "P4_5", 2765, -2850, "T", "DIP", "PB8", "", "C", 60, 60, 36, 0],
		[120, "P4_5", 2765, -2850, "B", "DIP", "PB8", "", "C", 60, 60, 36, 0],
		[121, "P4_6", 2665, -2850, "T", "DIP", "PB7", "", "C", 60, 60, 36, 0],
		[122, "P4_6", 2665, -2850, "B", "DIP", "PB7", "", "C", 60, 60, 36, 0],
		[123, "P4_7", 2565, -2850, "T", "DIP", "PB6", "", "C", 60, 60, 36, 0],
		[124, "P4_7", 2565, -2850, "B", "DIP", "PB6", "", "C", 60, 60, 36, 0],
		[125, "P4_8", 2465, -2850, "T", "DIP", "PB5", "", "C", 60, 60, 36, 0],
		[126, "P4_8", 2465, -2850, "B", "DIP", "PB5", "", "C", 60, 60, 36, 0],
		[127, "P4_9", 2365, -2850, "T", "DIP", "PB4", "", "C", 60, 60, 36, 0],
		[128, "P4_9", 2365, -2850, "B", "DIP", "PB4", "", "C", 60, 60, 36, 0],
		[129, "P4_10", 2265, -2850, "T", "DIP", "PB3", "", "C", 60, 60, 36, 0],
		[130, "P4_10", 2265, -2850, "B", "DIP", "PB3", "", "C", 60, 60, 36, 0],
		[131, "P4_11", 2165, -2850, "T", "DIP", "PA15", "", "C", 60, 60, 36, 0],
		[132, "P4_11", 2165, -2850, "B", "DIP", "PA15", "", "C", 60, 60, 36, 0],
		[133, "P4_12", 2065, -2850, "T", "DIP", "PA12", "", "C", 60, 60, 36, 0],
		[134, "P4_12", 2065, -2850, "B", "DIP", "PA12", "", "C", 60, 60, 36, 0],
		[135, "P4_13", 1965, -2850, "T", "DIP", "PA11", "", "C", 60, 60, 36, 0],
		[136, "P4_13", 1965, -2850, "B", "DIP", "PA11", "", "C", 60, 60, 36, 0],
		[137, "P4_14", 1865, -2850, "T", "DIP", "PA10", "", "C", 60, 60, 36, 0],
		[138, "P4_14", 1865, -2850, "B", "DIP", "PA10", "", "C", 60, 60, 36, 0],
		[139, "P4_15", 1765, -2850, "T", "DIP", "PA9", "", "C", 60, 60, 36, 0],
		[140, "P4_15", 1765, -2850, "B", "DIP", "PA9", "", "C", 60, 60, 36, 0],
		[141, "P4_16", 1665, -2850, "T", "DIP", "PA8", "", "C", 60, 60, 36, 0],
		[142, "P4_16", 1665, -2850, "B", "DIP", "PA8", "", "C", 60, 60, 36, 0],
		[143, "P4_17", 1565, -2850, "T", "DIP", "PB15", "", "C", 60, 60, 36, 0],
		[144, "P4_17", 1565, -2850, "B", "DIP", "PB15", "", "C", 60, 60, 36, 0],
		[145, "P4_18", 1465, -2850, "T", "DIP", "PB14", "", "C", 60, 60, 36, 0],
		[146, "P4_18", 1465, -2850, "B", "DIP", "PB14", "", "C", 60, 60, 36, 0],
		[147, "P4_19", 1365, -2850, "T", "DIP", "PB13", "", "C", 60, 60, 36, 0],
		[148, "P4_19", 1365, -2850, "B", "DIP", "PB13", "", "C", 60, 60, 36, 0],
		[149, "P4_20", 1265, -2850, "T", "DIP", "PB12", "", "C", 60, 60, 36, 0],
		[150, "P4_20", 1265, -2850, "B", "DIP", "PB12", "", "C", 60, 60, 36, 0],
		[151, "R1_1", 2905, -4450.55, "B", "SMD", "$1N1200", "", "R", 41.34, 37.4, 0, 90],
		[152, "R1_2", 2905, -4519.45, "B", "SMD", "GND", "GND", "R", 41.34, 37.4, 0, 90],
		[153, "R2_1", 1364.45, -3435, "T", "SMD", "RESET", "", "R", 41.34, 37.4, 0, 0],
		[154, "R2_2", 1295.55, -3435, "T", "SMD", "VCC", "", "R", 41.34, 37.4, 0, 0],
		[155, "R3_1", 2304.19, -4669.45, "B", "SMD", "BOOT0", "", "R", 41.34, 37.4, 0, 270],
		[156, "R3_2", 2304.19, -4600.55, "B", "SMD", "$1N6", "", "R", 41.34, 37.4, 0, 270],
		[157, "R4_1", 1925, -4465, "B", "SMD", "BOOT1", "", "R", 41.34, 37.4, 0, 90],
		[158, "R4_2", 1925, -4533.9, "B", "SMD", "$1N10", "", "R", 41.34, 37.4, 0, 90],
		[159, "R5_1", 2905, -4819.45, "B", "SMD", "$1N1201", "", "R", 41.34, 37.4, 0, 270],
		[160, "R5_2", 2905, -4750.55, "B", "SMD", "PC13", "", "R", 41.34, 37.4, 0, 270],
		[161, "R6_1", 2545, -4600.55, "B", "SMD", "OSCOUT", "", "R", 41.34, 37.4, 0, 90],
		[162, "R6_2", 2545, -4669.45, "B", "SMD", "OSCIN", "", "R", 41.34, 37.4, 0, 90],
		[163, "R7_1", 3095, -4450.55, "B", "SMD", "VCC", "", "R", 41.34, 37.4, 0, 90],
		[164, "R7_2", 3095, -4519.45, "B", "SMD", "SWCLK", "", "R", 41.34, 37.4, 0, 90],
		[165, "R8_1", 3095, -4669.45, "B", "SMD", "GND", "GND", "R", 41.34, 37.4, 0, 270],
		[166, "R8_2", 3095, -4600.55, "B", "SMD", "SWDIO", "", "R", 41.34, 37.4, 0, 270],
		[167, "R9_1", 1295, -4790.55, "B", "SMD", "$1N25", "", "R", 41.34, 37.4, 0, 90],
		[168, "R9_2", 1295, -4859.45, "B", "SMD", "PA11", "", "R", 41.34, 37.4, 0, 90],
		[169, "R10_1", 1205.55, -4455, "B", "SMD", "PA12", "", "R", 41.34, 37.4, 0, 180],
		[170, "R10_2", 1274.45, -4455, "B", "SMD", "+5V", "", "R", 41.34, 37.4, 0, 180],
		[171, "R11_1", 1274.45, -4600, "B", "SMD", "$1N26", "", "R", 41.34, 37.4, 0, 0],
		[172, "R11_2", 1205.55, -4600, "B", "SMD", "PA12", "", "R", 41.34, 37.4, 0, 0],
		[173, "R12_1", 2765.55, -3180, "T", "SMD", "GND", "GND", "R", 41.34, 37.4, 0, 180],
		[174, "R12_2", 2834.45, -3180, "T", "SMD", "$1N3764", "", "R", 41.34, 37.4, 0, 180],
		[175, "R13_1", 2770.55, -3435, "T", "SMD", "GND", "GND", "R", 41.34, 37.4, 0, 180],
		[176, "R13_2", 2839.45, -3435, "T", "SMD", "$1N3817", "", "R", 41.34, 37.4, 0, 180],
		[177, "R14_1", 2766.1, -3295.15, "T", "SMD", "GND", "GND", "R", 41.34, 37.4, 0, 180],
		[178, "R14_2", 2835, -3295.15, "T", "SMD", "PA4", "", "R", 41.34, 37.4, 0, 180],
		[179, "R15_1", 2770.55, -3575, "T", "SMD", "PA2", "", "R", 41.34, 37.4, 0, 180],
		[180, "R15_2", 2839.45, -3575, "T", "SMD", "VCC", "", "R", 41.34, 37.4, 0, 180],
		[181, "RST1_1", 3295.85, -2758.65, "B", "SMD", "GND", "GND", "R", 82.68, 55.12, 0, 180],
		[182, "RST1_2", 3654.25, -2758.65, "B", "SMD", "GND", "GND", "R", 82.68, 55.12, 0, 180],
		[183, "RST1_3", 3295.75, -2581.35, "B", "SMD", "RESET", "", "R", 82.68, 55.12, 0, 180],
		[184, "RST1_4", 3654.25, -2581.45, "B", "SMD", "RESET", "", "R", 82.68, 55.12, 0, 180],
		[185, "U1_1", 386.71, -3502.34, "T", "SMD", "VBAT", "", "R", 11.81, 47.24, 0, 0],
		[186, "U1_2", 406.43, -3502.34, "T", "SMD", "PC13", "", "R", 11.81, 47.24, 0, 0],
		[187, "U1_3", 426.09, -3502.34, "T", "SMD", "PC14", "", "R", 11.81, 47.24, 0, 0],
		[188, "U1_4", 445.79, -3502.3, "T", "SMD", "PC15", "", "R", 11.81, 47.24, 0, 0],
		[189, "U1_5", 465.48, -3502.34, "T", "SMD", "OSCIN", "", "R", 11.81, 47.24, 0, 0],
		[190, "U1_6", 485.14, -3502.34, "T", "SMD", "OSCOUT", "", "R", 11.81, 47.24, 0, 0],
		[191, "U1_7", 504.86, -3502.34, "T", "SMD", "RESET", "", "R", 11.81, 47.24, 0, 0],
		[192, "U1_8", 524.52, -3502.34, "T", "SMD", "GND", "GND", "R", 11.81, 47.24, 0, 0],
		[193, "U1_9", 544.21, -3502.3, "T", "SMD", "VCC", "", "R", 11.81, 47.24, 0, 0],
		[194, "U1_10", 563.91, -3502.34, "T", "SMD", "PA0", "", "R", 11.81, 47.24, 0, 0],
		[195, "U1_11", 583.57, -3502.34, "T", "SMD", "PA1", "", "R", 11.81, 47.24, 0, 0],
		[196, "U1_12", 603.29, -3502.34, "T", "SMD", "PA2", "", "R", 11.81, 47.24, 0, 0],
		[197, "U1_13", 662.34, -3443.29, "T", "SMD", "PA3", "", "R", 11.81, 47.24, 0, 90],
		[198, "U1_14", 662.34, -3423.57, "T", "SMD", "PA4", "", "R", 11.81, 47.24, 0, 90],
		[199, "U1_15", 662.34, -3403.91, "T", "SMD", "PA5", "", "R", 11.81, 47.24, 0, 90],
		[200, "U1_16", 662.3, -3384.21, "T", "SMD", "PA6", "", "R", 11.81, 47.24, 0, 90],
		[201, "U1_17", 662.34, -3364.52, "T", "SMD", "PA7", "", "R", 11.81, 47.24, 0, 90],
		[202, "U1_18", 662.34, -3344.86, "T", "SMD", "PB0", "", "R", 11.81, 47.24, 0, 90],
		[203, "U1_19", 662.34, -3325.14, "T", "SMD", "PB1", "", "R", 11.81, 47.24, 0, 90],
		[204, "U1_20", 662.34, -3305.48, "T", "SMD", "BOOT1", "", "R", 11.81, 47.24, 0, 90],
		[205, "U1_21", 662.3, -3285.79, "T", "SMD", "PB10", "", "R", 11.81, 47.24, 0, 90],
		[206, "U1_22", 662.34, -3266.09, "T", "SMD", "PB11", "", "R", 11.81, 47.24, 0, 90],
		[207, "U1_23", 662.34, -3246.43, "T", "SMD", "GND", "GND", "R", 11.81, 47.24, 0, 90],
		[208, "U1_24", 662.3, -3226.74, "T", "SMD", "VCC", "", "R", 11.81, 47.24, 0, 90],
		[209, "U1_25", 603.29, -3167.66, "T", "SMD", "PB12", "", "R", 11.81, 47.24, 0, 180],
		[210, "U1_26", 583.57, -3167.66, "T", "SMD", "PB13", "", "R", 11.81, 47.24, 0, 180],
		[211, "U1_27", 563.91, -3167.66, "T", "SMD", "PB14", "", "R", 11.81, 47.24, 0, 180],
		[212, "U1_28", 544.21, -3167.7, "T", "SMD", "PB15", "", "R", 11.81, 47.24, 0, 180],
		[213, "U1_29", 524.52, -3167.66, "T", "SMD", "PA8", "", "R", 11.81, 47.24, 0, 180],
		[214, "U1_30", 504.86, -3167.66, "T", "SMD", "PA9", "", "R", 11.81, 47.24, 0, 180],
		[215, "U1_31", 485.14, -3167.66, "T", "SMD", "PA10", "", "R", 11.81, 47.24, 0, 180],
		[216, "U1_32", 465.48, -3167.66, "T", "SMD", "PA11", "", "R", 11.81, 47.24, 0, 180],
		[217, "U1_33", 445.79, -3167.7, "T", "SMD", "PA12", "", "R", 11.81, 47.24, 0, 180],
		[218, "U1_34", 426.09, -3167.66, "T", "SMD", "SWDIO", "", "R", 11.81, 47.24, 0, 180],
		[219, "U1_35", 406.43, -3167.66, "T", "SMD", "GND", "GND", "R", 11.81, 47.24, 0, 180],
		[220, "U1_36", 386.74, -3167.7, "T", "SMD", "VCC", "", "R", 11.81, 47.24, 0, 180],
		[221, "U1_37", 327.66, -3226.71, "T", "SMD", "SWCLK", "", "R", 11.81, 47.24, 0, 270],
		[222, "U1_38", 327.66, -3246.43, "T", "SMD", "PA15", "", "R", 11.81, 47.24, 0, 270],
		[223, "U1_39", 327.66, -3266.09, "T", "SMD", "PB3", "", "R", 11.81, 47.24, 0, 270],
		[224, "U1_40", 327.7, -3285.79, "T", "SMD", "PB4", "", "R", 11.81, 47.24, 0, 270],
		[225, "U1_41", 327.66, -3305.48, "T", "SMD", "PB5", "", "R", 11.81, 47.24, 0, 270],
		[226, "U1_42", 327.66, -3325.14, "T", "SMD", "PB6", "", "R", 11.81, 47.24, 0, 270],
		[227, "U1_43", 327.66, -3344.86, "T", "SMD", "PB7", "", "R", 11.81, 47.24, 0, 270],
		[228, "U1_44", 327.66, -3364.52, "T", "SMD", "BOOT0", "", "R", 11.81, 47.24, 0, 270],
		[229, "U1_45", 327.7, -3384.21, "T", "SMD", "PB8", "", "R", 11.81, 47.24, 0, 270],
		[230, "U1_46", 327.66, -3403.91, "T", "SMD", "PB9", "", "R", 11.81, 47.24, 0, 270],
		[231, "U1_47", 327.66, -3423.57, "T", "SMD", "GND", "GND", "R", 11.81, 47.24, 0, 270],
		[232, "U1_48", 327.7, -3443.26, "T", "SMD", "VCC", "", "R", 11.81, 47.24, 0, 270],
		[233, "U3_0", -37.9, -3569.5, "T", "SMD", "U3_0", "", "R", 74.8, 74.8, 0, 270],
		[234, "U3_0", -37.9, -3880.5, "T", "SMD", "U3_A_0", "", "R", 74.8, 74.8, 0, 270],
		[235, "U3_0", -37.9, -3677.8, "T", "SMD", "U3_B_0", "", "R", 74.8, 74.8, 0, 270],
		[236, "U3_0", -37.9, -3772.25, "T", "SMD", "U3_C_0", "", "R", 74.8, 74.8, 0, 270],
		[237, "U3_1", 67.4, -3673.8, "T", "SMD", "$1N24", "", "R", 15.75, 53.15, 0, 90],
		[238, "U3_2", 67.4, -3699.4, "T", "SMD", "$1N25", "", "R", 15.75, 53.15, 0, 90],
		[239, "U3_3", 67.4, -3725, "T", "SMD", "$1N26", "", "R", 15.75, 53.15, 0, 90],
		[240, "U3_4", 67.4, -3750.6, "T", "SMD", "GND", "GND", "R", 15.75, 53.15, 0, 90],
		[241, "U3_5", 67.4, -3776.2, "T", "SMD", "GND", "GND", "R", 15.75, 53.15, 0, 90],
		[242, "U8_1", 1654.9, -4830.6, "B", "SMD", "GND", "GND", "R", 37.4, 74.8, 0, 270],
		[243, "U8_2", 1654.9, -4740, "B", "SMD", "VCC", "", "R", 37.4, 74.8, 0, 270],
		[244, "U8_3", 1654.9, -4649.45, "B", "SMD", "+5V", "", "R", 37.4, 74.8, 0, 270],
		[245, "U8_4", 1895.1, -4740, "B", "SMD", "VCC", "", "R", 127.95, 74.8, 0, 270],
		[246, "U9_1", 476.54, -5316.69, "T", "SMD", "PA0", "", "R", 98.42, 66.93, 0, 0],
		[247, "U9_2", 43.46, -5403.31, "T", "SMD", "$1N3764", "", "R", 98.42, 66.93, 0, 0],
		[248, "U10_1", 3586.53, -5291.69, "T", "SMD", "PA1", "", "R", 98.42, 66.93, 0, 0],
		[249, "U10_2", 3153.47, -5378.31, "T", "SMD", "$1N3817", "", "R", 98.42, 66.93, 0, 0],
		[250, "U11_1", 1360, -5315, "T", "DIP", "PA4", "", "C", 60, 60, 36, 0],
		[251, "U11_1", 1360, -5315, "B", "DIP", "PA4", "", "C", 60, 60, 36, 0],
		[252, "U11_2", 1560, -5315, "T", "DIP", "VCC", "", "C", 60, 60, 36, 0],
		[253, "U11_2", 1560, -5315, "B", "DIP", "VCC", "", "C", 60, 60, 36, 0],
		[254, "X1_1", 1890, -3426.46, "T", "DIP", "OSCIN", "", "C", 60, 60, 28, 90],
		[255, "X1_1", 1890, -3426.46, "B", "DIP", "OSCIN", "", "C", 60, 60, 28, 90],
		[256, "X1_2", 1890, -3233.54, "T", "DIP", "OSCOUT", "", "C", 60, 60, 28, 90],
		[257, "X1_2", 1890, -3233.54, "B", "DIP", "OSCOUT", "", "C", 60, 60, 28, 90],
		[258, "X2_1", 1663, -3443, "T", "SMD", "PC14", "", "R", 51.2, 74.8, 0, 90],
		[259, "X2_2", 1663, -3227, "T", "SMD", "X2_2", "", "R", 51.2, 74.8, 0, 90],
		[260, "X2_3", 1537, -3227, "T", "SMD", "X2_3", "", "R", 51.2, 74.8, 0, 270],
		[261, "X2_4", 1537, -3443, "T", "SMD", "PC15", "", "R", 51.2, 74.8, 0, 270]
	]
}
}